{
  "reference_bone": [
    "neck",
    "thorax"
  ],
  "median_reference_length": 1.2234269380569458,
  "bones_ratios": {
    "m_L0;m_L1": {
      "median_ratio": 0.6602297425270081,
      "mad_ratio": 0.15348196029663086
    },
    "m_R0;m_R1": {
      "median_ratio": 0.6602297425270081,
      "mad_ratio": 0.15348196029663086
    },
    "leg_m_R0;thorax": {
      "median_ratio": 1.0820088386535645,
      "mad_ratio": 0.2657332122325897
    },
    "leg_m_L0;thorax": {
      "median_ratio": 1.247878074645996,
      "mad_ratio": 0.25567173957824707
    },
    "leg_f_R1;leg_f_R2": {
      "median_ratio": 2.380718231201172,
      "mad_ratio": 0.8294727802276611
    },
    "leg_f_L1;leg_f_L2": {
      "median_ratio": 2.380718231201172,
      "mad_ratio": 0.8294727802276611
    },
    "leg_m_R0;leg_m_R1": {
      "median_ratio": 1.508089303970337,
      "mad_ratio": 0.14749443531036377
    },
    "leg_m_L0;leg_m_L1": {
      "median_ratio": 1.5115418434143066,
      "mad_ratio": 0.1716126799583435
    },
    "leg_f_R0;thorax": {
      "median_ratio": 0.7944549322128296,
      "mad_ratio": 0.2596105635166168
    },
    "leg_f_L0;thorax": {
      "median_ratio": 0.8691219687461853,
      "mad_ratio": 0.2811487317085266
    },
    "a_L0;a_L1": {
      "median_ratio": 1.35983145236969,
      "mad_ratio": 0.11255252361297607
    },
    "a_R0;a_R1": {
      "median_ratio": 1.978674292564392,
      "mad_ratio": 0.09563010931015015
    },
    "m_L0;neck": {
      "median_ratio": 2.264643907546997,
      "mad_ratio": 0.2538626194000244
    },
    "m_R0;neck": {
      "median_ratio": 2.264643907546997,
      "mad_ratio": 0.2538626194000244
    },
    "leg_f_L0;leg_f_L1": {
      "median_ratio": 1.3292474746704102,
      "mad_ratio": 0.21692991256713867
    },
    "leg_f_R0;leg_f_R1": {
      "median_ratio": 1.1749851703643799,
      "mad_ratio": 0.13789081573486328
    },
    "eye_L;neck": {
      "median_ratio": 1.0076427459716797,
      "mad_ratio": 0.18742674589157104
    },
    "eye_R;neck": {
      "median_ratio": 1.1180129051208496,
      "mad_ratio": 0.1637311577796936
    },
    "a_L1;a_L2": {
      "median_ratio": 2.74336314201355,
      "mad_ratio": 0.1085054874420166
    },
    "a_R1;a_R2": {
      "median_ratio": 2.74336314201355,
      "mad_ratio": 0.1085054874420166
    },
    "a_R0;neck": {
      "median_ratio": 1.5085246562957764,
      "mad_ratio": 0.28324174880981445
    },
    "a_L0;neck": {
      "median_ratio": 1.4678714275360107,
      "mad_ratio": 0.24202734231948853
    },
    "leg_m_R1;leg_m_R2": {
      "median_ratio": 2.447235584259033,
      "mad_ratio": 0.25994372367858887
    },
    "leg_m_L1;leg_m_L2": {
      "median_ratio": 3.8277969360351562,
      "mad_ratio": 0.10713887214660645
    },
    "neck;thorax": {
      "median_ratio": 1.0,
      "mad_ratio": 0.0
    }
  }
}