{
  "reference_bone": [
    "neck",
    "thorax"
  ],
  "median_reference_length": 1.2055007219314575,
  "bones_ratios": {
    "neck;thorax": {
      "median_ratio": 1.0,
      "mad_ratio": 0.0
    },
    "eye_L;neck": {
      "median_ratio": 0.7715924978256226,
      "mad_ratio": 0.08767426013946533
    },
    "eye_R;neck": {
      "median_ratio": 0.7250407934188843,
      "mad_ratio": 0.07230284810066223
    },
    "leg_f_L1;leg_f_L2": {
      "median_ratio": 0.81911301612854,
      "mad_ratio": 0.25398996472358704
    },
    "leg_f_R1;leg_f_R2": {
      "median_ratio": 0.6210066080093384,
      "mad_ratio": 0.19571027159690857
    },
    "a_L0;a_L1": {
      "median_ratio": 1.1075750589370728,
      "mad_ratio": 0.09514570236206055
    },
    "a_R0;a_R1": {
      "median_ratio": 1.0722196102142334,
      "mad_ratio": 0.07664081454277039
    },
    "leg_f_L0;leg_f_L1": {
      "median_ratio": 0.6892411112785339,
      "mad_ratio": 0.22268971800804138
    },
    "leg_f_R0;leg_f_R1": {
      "median_ratio": 0.7036465406417847,
      "mad_ratio": 0.13877785205841064
    },
    "leg_m_R0;thorax": {
      "median_ratio": 0.6831473112106323,
      "mad_ratio": 0.06792300939559937
    },
    "leg_m_L0;thorax": {
      "median_ratio": 0.6325353980064392,
      "mad_ratio": 0.08035802841186523
    },
    "a_R1;a_R2": {
      "median_ratio": 2.8880650997161865,
      "mad_ratio": 0.2412562370300293
    },
    "a_L1;a_L2": {
      "median_ratio": 2.8880650997161865,
      "mad_ratio": 0.2412562370300293
    },
    "leg_m_R1;leg_m_R2": {
      "median_ratio": 3.8205783367156982,
      "mad_ratio": 0.28572726249694824
    },
    "leg_m_L1;leg_m_L2": {
      "median_ratio": 1.254667043685913,
      "mad_ratio": 0.07943165302276611
    },
    "m_L0;neck": {
      "median_ratio": 2.2144742012023926,
      "mad_ratio": 0.21808934211730957
    },
    "m_R0;neck": {
      "median_ratio": 1.1114013195037842,
      "mad_ratio": 0.13380295038223267
    },
    "leg_m_R0;leg_m_R1": {
      "median_ratio": 0.8124253749847412,
      "mad_ratio": 0.11639103293418884
    },
    "leg_m_L0;leg_m_L1": {
      "median_ratio": 0.7276623845100403,
      "mad_ratio": 0.1461750864982605
    },
    "m_R0;m_R1": {
      "median_ratio": 0.3839353919029236,
      "mad_ratio": 0.06867074966430664
    },
    "m_L0;m_L1": {
      "median_ratio": 0.6730911731719971,
      "mad_ratio": 0.14210474491119385
    },
    "leg_f_L0;thorax": {
      "median_ratio": 0.4288000166416168,
      "mad_ratio": 0.15498943626880646
    },
    "leg_f_R0;thorax": {
      "median_ratio": 0.4755238890647888,
      "mad_ratio": 0.09514760971069336
    },
    "a_L0;neck": {
      "median_ratio": 1.0348857641220093,
      "mad_ratio": 0.10237357020378113
    },
    "a_R0;neck": {
      "median_ratio": 1.0399693250656128,
      "mad_ratio": 0.10193175077438354
    }
  }
}